{
  "Get Product" : {
    "transaction" : "Get Product",
    "sampleCount" : 500,
    "errorCount" : 0,
    "errorPct" : 0.0,
    "meanResTime" : 144.756,
    "medianResTime" : 144.0,
    "minResTime" : 18.0,
    "maxResTime" : 545.0,
    "pct1ResTime" : 236.90000000000003,
    "pct2ResTime" : 273.79999999999995,
    "pct3ResTime" : 424.7900000000002,
    "throughput" : 281.0567734682406,
    "receivedKBytesPerSec" : 3675.146676503654,
    "sentKBytesPerSec" : 73.28335792580101
  },
  "Get Product-0" : {
    "transaction" : "Get Product-0",
    "sampleCount" : 500,
    "errorCount" : 0,
    "errorPct" : 0.0,
    "meanResTime" : 55.93999999999998,
    "medianResTime" : 47.5,
    "minResTime" : 5.0,
    "maxResTime" : 224.0,
    "pct1ResTime" : 102.0,
    "pct2ResTime" : 123.0,
    "pct3ResTime" : 191.99,
    "throughput" : 284.0909090909091,
    "receivedKBytesPerSec" : 33.5693359375,
    "sentKBytesPerSec" : 36.62109375
  },
  "Get Product-1" : {
    "transaction" : "Get Product-1",
    "sampleCount" : 500,
    "errorCount" : 0,
    "errorPct" : 0.0,
    "meanResTime" : 88.72599999999998,
    "medianResTime" : 77.5,
    "minResTime" : 12.0,
    "maxResTime" : 440.0,
    "pct1ResTime" : 150.0,
    "pct2ResTime" : 213.0,
    "pct3ResTime" : 343.9200000000001,
    "throughput" : 283.9295854628052,
    "receivedKBytesPerSec" : 3679.1617866269166,
    "sentKBytesPerSec" : 37.432123083475304
  },
  "Total" : {
    "transaction" : "Total",
    "sampleCount" : 1500,
    "errorCount" : 0,
    "errorPct" : 0.0,
    "meanResTime" : 96.47400000000003,
    "medianResTime" : 78.0,
    "minResTime" : 5.0,
    "maxResTime" : 545.0,
    "pct1ResTime" : 189.0,
    "pct2ResTime" : 230.0,
    "pct3ResTime" : 329.97,
    "throughput" : 843.1703204047217,
    "receivedKBytesPerSec" : 7350.293353007308,
    "sentKBytesPerSec" : 146.56671585160203
  }
}