{
  "Get Product" : {
    "transaction" : "Get Product",
    "sampleCount" : 500,
    "errorCount" : 0,
    "errorPct" : 0.0,
    "meanResTime" : 116.7899999999999,
    "medianResTime" : 114.5,
    "minResTime" : 17.0,
    "maxResTime" : 331.0,
    "pct1ResTime" : 185.0,
    "pct2ResTime" : 210.89999999999998,
    "pct3ResTime" : 263.96000000000004,
    "throughput" : 318.06615776081424,
    "receivedKBytesPerSec" : 4159.087746501272,
    "sentKBytesPerSec" : 82.9332657442748
  },
  "Get Product-0" : {
    "transaction" : "Get Product-0",
    "sampleCount" : 500,
    "errorCount" : 0,
    "errorPct" : 0.0,
    "meanResTime" : 44.33800000000002,
    "medianResTime" : 38.0,
    "minResTime" : 5.0,
    "maxResTime" : 154.0,
    "pct1ResTime" : 86.0,
    "pct2ResTime" : 100.0,
    "pct3ResTime" : 127.99000000000001,
    "throughput" : 324.04406999351914,
    "receivedKBytesPerSec" : 38.29036373946857,
    "sentKBytesPerSec" : 41.771305897602076
  },
  "Get Product-1" : {
    "transaction" : "Get Product-1",
    "sampleCount" : 500,
    "errorCount" : 0,
    "errorPct" : 0.0,
    "meanResTime" : 72.36799999999995,
    "medianResTime" : 67.0,
    "minResTime" : 10.0,
    "maxResTime" : 229.0,
    "pct1ResTime" : 122.90000000000003,
    "pct2ResTime" : 138.84999999999997,
    "pct3ResTime" : 211.76000000000022,
    "throughput" : 322.16494845360825,
    "receivedKBytesPerSec" : 4174.615918975515,
    "sentKBytesPerSec" : 42.47291800902062
  },
  "Total" : {
    "transaction" : "Total",
    "sampleCount" : 1500,
    "errorCount" : 0,
    "errorPct" : 0.0,
    "meanResTime" : 77.83200000000006,
    "medianResTime" : 67.0,
    "minResTime" : 5.0,
    "maxResTime" : 331.0,
    "pct1ResTime" : 146.0,
    "pct2ResTime" : 171.0,
    "pct3ResTime" : 224.99,
    "throughput" : 954.1984732824428,
    "receivedKBytesPerSec" : 8318.175493002544,
    "sentKBytesPerSec" : 165.8665314885496
  }
}